participant_id,q1,q2,q3,q4,q5,q6,q7,q8,overall_satisfaction
1,2,2,5,3,5,1,1,4,5
2,3,2,2,3,1,5,5,5,5
3,4,2,4,5,1,3,1,5,5
4,1,5,4,3,3,5,1,4,4
5,5,4,2,1,4,5,2,5,5
6,3,5,3,4,1,3,2,2,4
7,1,3,3,4,1,4,4,4,4
8,2,2,2,2,4,2,2,5,4
9,1,4,3,3,2,3,4,3,4
10,2,2,2,4,5,4,4,1,4
11,4,4,2,4,5,2,5,5,6
12,4,1,5,3,3,3,2,4,4
13,5,3,4,5,3,3,2,1,5
14,5,1,1,3,4,1,2,5,4
15,3,3,3,1,5,2,5,3,4
16,2,4,5,1,3,4,3,4,5
17,4,1,5,2,1,2,2,5,4
18,2,4,3,1,4,4,2,5,4
19,4,2,2,2,2,5,2,3,4
20,1,4,1,4,3,2,5,3,3
21,3,2,5,5,1,5,5,4,5
22,1,5,4,2,4,2,3,5,5
23,1,4,1,3,1,2,4,1,3
24,5,5,1,5,1,2,3,5,4
25,4,2,1,3,1,1,3,5,3
26,4,1,4,4,4,4,1,2,5
27,2,4,5,1,1,5,2,1,3
28,4,4,5,1,4,1,5,1,4
29,1,5,4,3,1,3,3,3,4
30,4,3,4,3,3,2,1,3,3
31,5,2,2,3,4,2,4,5,6
32,1,4,1,5,5,1,1,3,4
33,5,5,2,5,3,4,3,4,6
34,5,2,2,4,3,1,2,2,3
35,4,3,5,4,5,1,3,5,5
36,1,2,2,1,3,4,2,4,4
37,5,2,3,3,1,1,2,2,3
38,3,1,4,5,1,4,4,2,4
39,1,5,2,3,5,5,2,4,6
40,1,5,1,5,1,4,1,2,4
41,3,4,1,2,3,5,1,2,3
42,4,3,2,1,2,1,1,5,3
43,1,4,5,1,1,2,4,3,3
44,5,3,4,4,3,2,5,2,4
45,1,5,3,3,1,5,4,5,5
46,3,1,3,3,2,3,5,1,4
47,4,2,4,2,5,4,5,1,6
48,5,4,3,5,3,2,3,5,4
49,3,4,1,1,1,5,1,2,4
50,3,2,5,1,4,3,2,2,3
51,2,4,2,5,3,2,1,1,3
52,3,2,1,1,3,4,3,2,3
53,4,3,4,4,2,4,5,3,5
54,2,4,2,5,3,5,4,4,5
55,4,2,5,2,3,2,1,4,4
56,1,2,1,1,3,4,4,5,4
57,2,1,1,3,5,5,2,1,4
58,2,5,1,2,1,1,5,3,3
59,5,5,5,2,5,5,4,4,6
60,2,4,3,4,5,3,4,3,4
61,4,5,5,3,3,4,1,4,5
62,4,4,3,3,4,3,4,2,6
63,1,5,4,1,3,3,4,4,5
64,2,5,1,3,5,5,5,5,5
65,5,4,5,4,4,2,2,1,5
66,5,5,4,5,1,5,5,2,6
67,2,1,1,1,2,3,4,4,4
68,5,2,3,3,3,1,2,4,5
69,2,4,1,2,4,3,5,4,4
70,5,2,2,5,3,3,5,1,4
71,3,3,5,1,2,1,1,1,3
72,5,4,1,1,1,4,2,2,3
73,2,4,3,1,3,2,2,1,3
74,2,4,1,3,2,2,5,2,3
75,5,4,1,3,4,4,2,2,4
76,3,5,1,1,2,4,4,1,4
77,1,3,2,3,1,5,3,1,4
78,2,5,3,2,4,1,2,2,4
79,3,1,2,3,4,4,4,4,5
80,3,3,1,1,3,2,1,1,4
81,3,1,2,2,1,1,5,5,3
82,2,5,2,3,1,5,5,1,4
83,1,2,3,1,1,5,2,5,4
84,1,4,2,3,4,4,5,2,3
85,5,5,2,1,4,2,5,3,5
86,1,3,3,5,2,1,3,5,4
87,5,5,1,5,5,2,4,3,5
88,2,3,4,5,1,1,1,5,4
89,3,3,3,3,2,1,4,1,3
90,4,4,4,2,5,3,3,1,5
91,4,2,3,4,1,1,1,2,3
92,2,2,5,1,5,3,1,4,4
93,3,4,5,3,2,4,3,4,4
94,1,2,2,1,4,5,5,2,4
95,2,2,2,2,3,3,2,3,3
96,1,4,4,4,1,2,3,3,5
97,4,4,1,5,5,3,5,4,6
98,1,2,3,3,4,2,1,2,3
99,1,4,4,5,1,2,2,1,4
100,1,1,1,5,1,2,1,1,3
101,3,2,3,2,4,5,3,1,4
102,1,4,1,5,5,1,5,1,4
103,1,3,4,5,1,1,2,4,4
104,5,1,3,4,4,5,4,1,5
105,3,3,3,1,2,2,5,4,4
106,5,3,2,2,2,1,4,3,4
107,4,1,2,1,5,4,3,5,4
108,3,2,1,1,1,3,3,1,3
109,3,5,4,4,4,1,5,2,5
110,2,5,4,5,5,1,2,3,5
111,5,5,3,2,2,5,1,5,5
112,1,3,1,5,1,2,5,5,5
113,3,5,3,3,1,1,2,1,4
114,4,4,5,1,3,2,1,1,3
115,5,5,3,1,4,1,2,3,5
116,5,2,3,4,2,4,5,1,5
117,4,1,3,4,2,2,2,3,5
118,1,2,2,2,4,2,2,1,2
119,5,4,1,3,1,5,5,1,4
120,2,5,4,3,5,4,5,2,6
121,5,1,2,2,3,4,3,1,3
122,3,5,3,4,2,4,5,4,6
123,3,1,5,2,2,3,1,4,3
124,4,5,3,1,4,4,5,5,6
125,4,1,1,4,2,5,3,4,4
126,1,1,2,4,3,2,3,3,3
127,5,4,5,2,2,3,3,3,6
128,2,5,2,3,3,1,3,4,5
129,2,2,1,2,1,3,3,4,3
130,5,3,3,1,5,2,5,3,5
131,1,4,1,5,5,1,4,3,5
132,5,5,3,5,5,4,1,3,5
133,3,1,4,1,5,4,5,3,4
134,4,3,5,4,1,4,2,1,5
135,1,5,4,4,2,5,3,1,4
136,4,2,3,3,5,3,1,3,5
137,4,2,3,4,5,2,4,3,5
138,5,3,2,4,1,3,3,1,4
139,2,1,1,1,3,4,3,1,2
140,1,1,1,5,2,1,2,3,3
141,3,5,4,5,1,3,4,4,4
142,2,1,4,5,4,1,4,5,4
143,4,1,4,1,5,5,4,3,4
144,5,5,5,1,1,3,5,5,6
145,2,2,4,4,3,5,5,3,4
146,1,4,2,2,3,5,3,5,4
147,4,4,5,4,1,4,1,2,4
148,2,1,5,3,1,1,4,4,5
149,4,1,3,2,5,5,2,1,4
150,4,4,3,3,3,3,1,2,4
151,2,1,3,5,5,2,1,5,4
152,3,1,1,3,5,4,1,1,3
153,1,1,3,3,5,5,4,3,4
154,4,4,4,3,2,5,2,1,5
155,1,2,5,1,4,5,1,5,3
156,2,2,3,1,2,5,4,1,3
157,5,1,4,1,5,3,2,2,4
158,2,3,2,3,4,5,3,2,3
159,5,1,2,4,4,5,5,2,5
160,2,1,2,5,1,2,3,5,4
161,3,2,3,2,3,4,1,2,3
162,4,2,3,2,4,2,5,5,4
163,2,1,3,2,5,2,4,2,4
164,5,2,3,5,3,2,3,4,4
165,1,5,2,5,5,3,3,3,4
166,3,4,1,3,5,4,3,3,5
167,3,2,4,3,2,5,3,5,4
168,1,1,5,3,2,1,2,4,3
169,1,3,5,3,4,3,1,5,4
170,3,4,5,4,3,1,2,5,5
171,1,2,3,1,4,4,1,4,4
172,1,3,4,4,3,2,4,3,5
173,3,2,2,5,1,2,1,5,4
174,5,3,3,4,3,2,3,4,5
175,2,5,3,1,2,1,3,4,4
176,1,5,3,4,4,3,3,4,5
177,2,3,5,3,2,2,4,2,3
178,4,3,5,2,3,2,3,3,4
179,1,3,4,1,4,4,5,5,5
180,2,2,5,2,2,4,2,1,4
181,1,5,3,1,1,3,5,3,4
182,4,3,5,2,5,3,1,5,5
183,4,1,1,4,2,2,5,5,4
184,2,3,3,3,2,2,1,3,2
185,1,2,5,3,4,2,4,4,5
186,1,1,5,5,2,2,1,4,3
187,4,5,4,4,5,1,2,1,5
188,4,5,3,4,1,3,2,4,4
189,5,1,5,5,4,4,4,1,4
190,3,1,1,4,1,5,2,5,4
191,5,1,4,5,2,1,5,3,4
192,2,2,2,2,5,4,5,4,4
193,5,4,2,2,1,4,1,1,3
194,1,1,5,2,1,1,2,2,2
195,1,4,5,4,5,5,2,4,5
196,4,5,2,2,5,1,1,4,4
197,2,2,2,5,2,4,3,1,3
198,4,3,3,1,2,1,1,3,4
199,4,2,1,2,1,4,2,4,3
200,2,5,3,4,2,1,1,4,3
201,3,1,2,5,2,4,4,4,5
202,1,1,2,1,5,4,1,1,3
203,2,5,3,3,4,2,1,1,3
204,2,1,2,3,4,4,4,5,4
205,3,4,1,3,3,2,1,5,3
206,2,5,1,2,4,5,1,5,4
207,3,4,2,1,3,4,4,1,5
208,3,2,4,2,3,5,2,5,4
209,5,3,3,2,5,4,5,4,5
210,2,5,5,1,4,4,2,2,4
211,4,3,3,4,5,3,4,4,5
212,3,2,4,3,3,3,5,2,4
213,2,5,1,2,2,1,3,3,4
214,2,3,1,5,3,3,3,1,4
215,2,5,1,2,1,2,4,2,3
216,5,4,2,2,1,4,4,1,3
217,1,1,1,4,4,3,1,2,3
218,2,1,4,3,4,2,5,5,5
219,2,2,4,4,1,1,1,4,3
220,1,5,1,1,4,4,3,1,4
221,2,3,4,4,3,5,3,5,6
222,1,4,4,1,1,2,3,3,4
223,4,2,1,5,5,5,4,4,6
224,2,5,3,5,4,1,3,3,5
225,5,5,3,3,4,3,1,5,6
226,2,2,2,2,2,1,5,4,3
227,5,4,2,4,4,4,1,5,4
228,4,1,5,2,5,4,4,5,5
229,1,4,4,5,3,5,3,4,4
230,3,3,5,3,3,3,1,2,4
231,4,4,3,1,5,2,2,5,4
232,1,1,5,4,3,3,5,3,4
233,4,2,2,4,3,1,4,5,4
234,4,1,2,4,4,3,4,5,5
235,3,2,5,3,2,4,3,2,3
236,4,2,5,3,5,4,4,2,5
237,2,1,4,3,3,1,4,4,4
238,2,2,2,3,2,4,3,4,5
239,2,2,1,5,4,4,4,5,4
240,5,1,4,2,2,3,4,1,4
241,1,5,4,5,5,5,1,3,5
242,1,5,1,3,1,1,1,1,2
243,4,2,2,5,2,1,1,5,4
244,2,2,5,3,2,3,1,2,3
245,2,5,3,5,1,3,2,2,5
246,3,1,5,2,5,2,3,3,4
247,2,4,5,3,3,4,4,3,4
248,5,1,4,1,2,5,3,5,5
249,1,1,2,1,2,3,2,4,4
250,2,2,3,4,4,3,5,1,5
251,3,4,1,4,5,2,3,5,5
252,4,5,5,1,4,1,5,2,5
253,3,2,2,4,3,3,3,4,5
254,4,1,1,3,1,4,1,4,4
255,1,3,4,5,2,1,5,2,4
256,5,5,5,3,3,3,4,4,6
257,1,4,1,1,4,1,3,4,4
258,3,1,2,5,2,3,2,2,4
259,2,1,2,1,4,4,4,4,3
260,4,1,2,2,1,2,5,5,3
261,1,4,5,4,1,5,5,2,4
262,1,5,3,3,3,1,4,3,4
263,2,4,3,4,3,2,2,2,4
264,4,2,5,1,2,3,1,2,4
265,3,1,2,3,1,2,5,5,4
266,3,1,4,5,3,3,1,1,3
267,5,1,4,5,1,4,3,2,4
268,2,1,5,3,4,2,5,5,5
269,4,1,2,3,1,5,4,4,3
270,1,1,3,4,3,4,2,3,4
271,2,3,5,1,2,4,1,3,4
272,3,5,2,2,3,4,3,1,5
273,3,2,3,4,3,5,3,1,4
274,1,3,3,3,1,3,5,5,3
275,4,3,3,4,3,3,2,3,4
276,2,2,2,5,4,5,5,2,5
277,5,4,4,1,4,4,2,3,4
278,4,5,4,2,1,5,1,1,4
279,4,2,2,4,5,2,4,3,4
280,5,5,2,4,1,1,3,2,4
281,5,3,5,4,2,5,3,4,5
282,5,3,2,2,2,5,4,4,5
283,4,1,4,4,2,5,4,4,5
284,5,2,5,3,3,5,4,5,5
285,4,2,3,4,4,3,2,5,4
286,1,4,2,5,2,4,5,1,5
287,1,1,3,1,3,1,3,1,2
288,3,5,1,3,1,1,1,2,3
289,4,2,1,5,4,1,3,2,4
290,3,2,2,3,5,3,5,1,5
291,4,3,1,3,2,3,4,1,4
292,3,2,5,2,3,3,4,3,5
293,5,1,3,4,4,2,3,1,5
294,4,2,2,4,4,1,4,3,5
295,3,4,2,2,1,4,4,1,4
296,1,5,5,5,5,2,1,3,6
297,4,2,5,1,5,5,2,5,5
298,4,5,1,3,1,3,2,3,4
299,1,3,2,3,1,3,1,4,3
300,4,5,5,3,3,2,5,2,5
301,1,2,5,3,5,4,5,3,5
302,2,5,1,3,2,5,3,3,4
303,5,3,2,4,5,5,2,1,4
304,2,2,1,5,1,3,5,5,4
305,3,4,5,3,5,4,4,3,6
306,2,3,1,4,2,3,1,4,3
307,2,5,1,2,1,1,5,3,4
308,2,3,3,2,5,1,2,5,4
309,2,2,3,5,4,2,1,1,4
310,5,5,2,1,1,4,4,3,4
311,4,1,4,4,2,4,5,4,6
312,5,3,2,5,5,2,5,4,5
313,2,2,2,2,2,1,4,1,3
314,2,4,1,3,1,1,1,4,3
315,5,2,1,1,5,1,5,3,5
316,5,2,1,5,2,2,3,3,3
317,4,2,2,1,1,3,3,4,3
318,3,1,4,2,5,1,2,4,3
319,3,1,1,3,1,2,3,2,2
320,3,1,3,5,3,1,4,2,3
321,5,5,5,2,3,4,1,3,4
322,3,5,5,4,1,4,1,2,4
323,1,1,3,2,5,1,4,3,4
324,1,1,1,2,1,2,4,1,2
325,1,4,3,1,3,4,5,3,4
326,2,3,4,5,3,3,4,2,5
327,1,2,1,3,2,3,2,2,3
328,5,5,3,5,5,2,1,4,6
329,3,1,5,1,4,4,4,4,4
330,1,4,5,1,4,3,4,1,3
331,2,5,5,2,2,2,2,3,3
332,5,2,1,5,1,5,5,4,5
333,2,1,3,4,1,2,1,4,2
334,4,2,1,4,2,1,1,1,2
335,4,3,4,1,3,4,5,1,4
336,3,4,5,3,2,3,4,1,4
337,2,3,1,1,4,1,2,5,4
338,4,2,3,3,5,5,2,3,5
339,3,5,5,4,5,4,4,4,6
340,3,1,5,4,1,5,3,1,4
341,2,2,3,5,5,3,3,4,5
342,5,4,4,5,4,2,2,5,6
343,4,1,3,3,2,2,3,2,4
344,2,3,5,2,2,1,3,2,4
345,2,3,5,5,5,2,3,2,4
346,1,5,2,2,3,5,5,4,4
347,5,5,4,2,1,3,5,4,5
348,1,5,5,1,3,5,4,1,5
349,5,2,2,2,4,3,2,1,4
350,2,5,3,5,1,1,1,2,4
351,3,3,1,5,3,5,4,5,4
352,1,3,5,2,5,2,3,5,4
353,4,1,3,1,2,4,3,5,4
354,3,5,3,4,5,1,2,1,5
355,2,1,5,3,4,2,5,5,5
356,5,1,5,4,5,1,4,5,6
357,2,2,4,3,1,3,1,2,3
358,5,4,1,2,3,4,4,1,4
359,3,1,3,1,1,1,5,5,3
360,5,2,1,5,3,2,1,4,4
361,2,1,5,4,5,4,5,1,5
362,2,1,1,2,1,1,2,3,3
363,5,4,1,2,1,4,3,5,4
364,5,5,5,4,3,2,5,4,6
365,1,3,2,3,3,2,5,1,4
366,2,1,2,2,5,3,1,4,3
367,1,2,1,4,5,3,5,4,4
368,3,3,2,3,4,3,5,2,4
369,2,2,1,3,5,3,1,4,4
370,1,2,2,4,1,3,3,1,3
371,5,4,2,1,5,5,3,3,5
372,1,5,2,3,1,2,3,3,4
373,1,2,2,1,5,5,1,1,3
374,1,3,2,5,1,4,4,2,3
375,2,5,2,5,4,3,1,1,4
376,5,2,5,3,2,2,3,3,5
377,3,4,4,4,3,2,5,2,5
378,5,2,2,1,5,5,1,2,3
379,2,3,1,4,3,5,5,3,4
380,3,2,4,2,3,1,4,5,4
381,4,2,4,5,3,1,1,3,5
382,1,2,3,2,5,5,3,1,5
383,3,2,3,4,5,3,2,2,4
384,3,1,3,5,2,3,3,1,3
385,1,5,5,4,2,1,3,2,4
386,5,2,5,3,2,5,5,5,6
387,3,3,2,3,2,5,4,5,6
388,1,3,1,5,5,4,4,2,4
389,3,1,2,2,5,1,5,3,3
390,5,3,3,5,1,3,3,1,5
391,2,4,1,5,3,5,4,3,5
392,2,5,5,3,2,4,2,1,5
393,3,2,1,3,1,1,1,4,3
394,5,1,4,1,3,4,5,4,5
395,2,4,1,5,2,3,5,3,5
396,1,1,3,5,3,4,5,1,4
397,5,2,5,3,3,3,5,1,6
398,2,5,3,1,2,2,2,3,3
399,5,4,4,3,5,3,3,3,5
400,2,2,1,5,4,1,5,4,4
401,2,4,2,3,2,4,5,2,4
402,3,2,4,3,1,1,2,1,3
403,1,3,1,4,1,2,1,2,3
404,4,4,5,4,2,1,3,5,4
405,2,4,3,3,5,3,3,1,4
406,2,5,5,4,4,3,1,3,4
407,1,5,3,2,3,2,5,5,5
408,2,2,1,5,4,5,5,4,5
409,4,1,1,1,3,2,1,3,4
410,1,1,2,2,3,2,5,1,3
411,1,2,2,2,3,1,3,2,2
412,4,4,3,3,1,5,4,5,5
413,1,3,1,5,3,5,1,2,3
414,3,2,3,1,1,3,1,5,4
415,3,5,3,5,3,2,1,5,4
416,1,4,3,5,2,1,4,2,4
417,3,4,4,3,3,2,3,5,4
418,1,2,3,4,1,4,2,4,4
419,1,4,3,2,3,3,5,2,4
420,2,1,2,5,5,1,2,5,4
421,5,3,4,5,1,1,3,4,4
422,2,3,4,1,4,3,2,3,4
423,3,1,5,5,4,4,3,5,5
424,5,4,1,1,2,1,2,1,4
425,3,1,3,5,5,5,2,1,5
426,1,4,5,1,2,3,1,5,3
427,2,3,2,2,3,1,3,5,3
428,1,5,4,5,2,2,5,2,4
429,5,5,3,2,1,1,1,3,4
430,5,3,3,1,3,2,1,4,4
431,1,4,1,5,3,2,2,5,5
432,3,5,2,5,2,1,4,5,6
433,5,1,2,2,5,5,2,1,5
434,3,4,5,1,3,5,2,5,5
435,2,4,3,4,3,2,3,5,5
436,4,4,2,5,5,5,4,5,5
437,5,1,5,2,1,4,3,2,5
438,2,1,5,2,3,5,4,1,5
439,4,5,3,2,5,3,4,1,4
440,2,2,5,5,5,3,1,3,5
441,5,2,2,5,3,1,3,5,5
442,5,3,2,5,5,1,2,5,5
443,4,3,5,5,5,4,2,5,5
444,2,5,2,5,1,5,5,3,5
445,5,3,2,1,2,1,2,3,4
446,1,4,4,1,1,1,1,5,3
447,4,5,2,1,4,3,5,3,5
448,4,4,1,5,5,5,5,4,6
449,1,5,5,2,3,3,3,1,3
450,2,3,4,3,3,1,2,1,3
451,5,1,5,5,1,4,5,5,6
452,1,1,1,5,3,3,3,2,3
453,1,3,4,4,3,3,3,1,4
454,1,4,3,5,5,5,5,3,6
455,3,5,1,4,4,3,3,2,5
456,2,5,5,5,4,2,5,3,6
457,5,3,2,2,5,4,4,1,5
458,1,2,2,2,4,2,2,3,2
459,3,3,3,4,1,3,4,1,3
460,4,1,3,1,4,3,5,2,5
461,4,4,3,4,4,1,3,3,5
462,4,2,4,4,3,1,4,2,4
463,4,5,1,4,3,1,1,2,3
464,3,4,1,4,2,1,1,5,3
465,3,2,1,3,4,4,3,1,4
466,4,1,1,1,1,5,4,4,4
467,1,5,2,4,2,2,1,4,4
468,1,2,3,2,2,5,4,5,4
469,5,5,1,2,4,2,2,3,4
470,4,5,1,4,3,1,5,3,5
471,4,5,1,1,5,4,5,1,5
472,1,3,4,2,3,4,4,1,3
473,1,2,2,1,4,5,4,4,5
474,1,5,3,2,4,1,3,1,4
475,3,2,2,1,1,2,2,1,3
476,1,3,3,3,2,4,5,4,5
477,1,2,5,5,3,5,4,2,5
478,5,3,5,5,4,1,2,1,5
479,2,4,5,4,4,5,4,2,5
480,3,5,1,2,5,2,3,2,5
481,3,5,3,5,1,1,5,4,4
482,4,1,4,2,3,2,2,5,4
483,2,4,2,1,1,2,3,3,3
484,3,2,3,2,5,1,1,4,4
485,3,4,5,4,1,1,1,2,4
486,1,4,2,2,3,5,2,2,4
487,1,3,3,4,3,3,2,3,4
488,1,3,4,4,3,3,5,1,5
489,3,4,5,1,2,4,5,1,5
490,5,5,1,4,3,4,2,3,5
491,4,3,4,4,3,4,1,2,4
492,2,5,2,5,5,1,2,3,4
493,2,4,2,1,3,1,5,3,4
494,2,3,1,2,3,5,3,2,4
495,2,1,5,5,4,1,3,4,4
496,2,5,4,2,1,3,5,2,5
497,3,1,2,3,4,1,2,2,4
498,2,4,3,3,5,1,1,5,3
499,1,5,5,4,4,4,3,3,6
500,4,4,3,4,3,4,3,2,4
501,3,1,5,1,3,1,5,2,4
502,3,2,3,1,2,2,4,2,4
503,2,2,1,5,1,3,1,2,4
504,4,3,4,5,4,2,5,2,4
505,4,4,5,1,1,3,1,1,3
506,4,2,4,1,4,2,2,3,3
507,5,3,3,5,2,5,3,5,5
508,2,4,3,2,5,4,5,1,5
509,3,4,5,2,3,4,5,1,5
510,4,2,3,1,3,3,1,4,3
511,3,2,1,2,2,1,5,5,4
512,1,3,3,2,1,4,5,4,4
513,3,1,5,4,3,2,4,3,4
514,5,5,1,1,4,5,3,3,5
515,4,4,5,2,5,2,2,1,4
516,1,3,3,4,1,4,1,4,3
517,2,4,5,1,1,2,3,3,4
518,4,5,1,3,2,3,2,1,4
519,2,2,3,1,1,3,4,5,4
520,3,5,3,1,1,1,4,4,3
521,2,2,3,5,4,5,4,3,5
522,5,4,4,1,1,3,3,1,3
523,2,2,5,4,5,4,2,1,4
524,5,4,3,1,1,1,5,1,4
525,3,2,5,2,3,1,1,2,3
526,4,3,1,3,4,3,3,5,5
527,4,1,5,1,1,1,2,2,2
528,3,3,2,3,5,4,2,4,4
529,4,4,1,1,4,2,5,3,4
530,4,3,4,4,1,1,1,3,4
531,5,1,4,1,1,2,4,4,3
532,4,4,4,4,5,5,4,2,5
533,3,1,1,2,4,3,1,2,4
534,4,2,1,2,1,5,5,5,4
535,1,5,3,4,2,4,4,2,4
536,3,3,1,5,2,3,5,1,5
537,4,2,5,5,5,5,3,1,5
538,1,5,5,5,4,1,2,2,5
539,5,5,2,2,2,2,4,4,5
540,5,2,3,3,2,1,5,3,5
541,1,1,5,1,3,3,1,2,3
542,1,5,3,3,4,3,3,1,3
543,3,2,3,5,5,1,5,4,5
544,1,1,5,4,3,5,1,5,5
545,5,5,2,3,2,3,3,3,4
546,1,1,3,1,3,1,1,3,2
547,5,5,5,4,4,3,3,5,7
548,3,4,4,4,4,2,4,3,5
549,1,1,3,1,1,5,4,5,4
550,3,3,4,3,3,4,3,5,5
551,4,2,5,4,4,5,3,2,5
552,4,5,5,2,3,4,2,4,5
553,5,5,3,1,3,4,5,5,6
554,1,5,4,3,2,1,1,3,3
555,5,2,3,5,3,4,4,1,4
556,2,5,5,1,5,3,1,5,5
557,5,5,3,5,1,5,4,4,6
558,1,3,3,5,3,3,3,1,5
559,4,2,3,3,5,1,4,3,4
560,5,1,2,5,5,4,5,4,5
561,2,1,5,4,2,2,1,3,4
562,3,5,3,2,1,3,2,1,4
563,1,3,3,4,2,5,3,4,5
564,1,5,2,3,2,1,1,5,4
565,3,5,5,3,4,2,5,1,6
566,2,4,1,4,4,4,2,4,4
567,1,5,2,5,5,5,3,2,5
568,3,2,1,5,5,5,1,2,5
569,2,1,4,2,2,2,4,1,3
570,4,4,5,3,5,2,2,4,4
571,1,2,4,5,2,3,5,3,4
572,3,2,3,5,5,1,4,3,4
573,3,3,5,3,5,4,2,1,5
574,1,5,1,5,1,1,3,1,4
575,2,5,2,3,2,2,5,1,4
576,4,3,1,4,3,5,4,2,4
577,5,3,2,5,2,3,1,3,4
578,3,2,3,2,2,4,4,4,4
579,5,3,3,2,4,1,1,1,3
580,2,1,1,3,3,4,1,1,4
581,2,4,5,4,5,2,2,2,5
582,4,4,4,4,2,3,5,3,5
583,2,4,2,1,4,1,2,4,3
584,3,3,1,4,2,4,1,4,4
585,1,2,4,2,3,4,2,1,3
586,3,5,4,2,3,3,5,5,5
587,4,1,1,3,4,1,2,1,3
588,3,3,2,2,5,3,2,5,5
589,1,4,4,5,3,4,1,1,4
590,2,4,1,3,5,1,2,5,4
591,5,1,5,3,1,1,4,1,4
592,2,1,3,4,5,5,3,3,4
593,3,4,2,5,3,5,3,3,4
594,5,3,3,4,3,2,1,5,4
595,3,4,1,4,2,4,2,5,5
596,3,4,2,4,2,1,5,3,5
597,5,3,3,4,2,1,4,4,5
598,2,5,3,1,4,3,1,1,3
599,1,2,5,3,3,5,4,1,5
600,3,1,1,1,2,3,4,1,3
601,2,4,3,4,3,4,2,4,4
602,3,5,5,1,3,2,4,2,4
603,1,5,4,1,5,5,5,2,6
604,4,2,1,4,1,5,2,1,4
605,5,4,4,4,4,2,3,3,4
606,5,1,4,2,2,1,2,3,4
607,4,2,3,2,4,5,4,2,4
608,3,2,3,2,5,1,3,1,4
609,2,2,3,2,3,4,2,3,4
610,5,3,1,1,2,1,1,5,4
611,1,2,3,4,2,3,2,3,4
612,4,5,4,5,5,3,5,4,6
613,1,4,2,2,2,2,2,3,3
614,5,2,5,1,5,3,2,5,5
615,3,3,5,3,1,1,1,4,4
616,1,1,2,5,2,3,5,5,5
617,5,5,2,5,5,1,2,5,5
618,5,1,5,2,5,2,2,1,5
619,5,2,5,4,4,2,1,1,5
620,4,4,2,3,3,4,3,2,5
621,1,3,2,3,3,5,1,5,3
622,5,5,2,1,1,1,3,5,4
623,5,5,1,4,5,3,1,3,4
624,1,2,2,1,2,5,1,5,4
625,5,3,4,1,2,2,2,3,3
626,4,5,2,1,3,5,1,4,4
627,4,5,4,3,5,3,5,4,6
628,4,2,1,2,5,1,3,3,4
629,3,5,2,3,4,3,4,5,6
630,1,2,3,1,3,1,5,5,3
631,2,3,1,5,5,5,2,2,4
632,5,3,2,5,1,4,3,4,5
633,3,2,4,5,4,5,4,4,5
634,3,5,3,1,5,3,4,1,5
635,2,1,5,4,1,3,1,5,4
636,5,3,5,1,1,3,3,5,4
637,5,4,2,3,3,2,4,2,5
638,2,5,2,2,1,2,4,4,5
639,1,5,1,2,2,1,5,3,4
640,4,2,5,5,1,4,5,3,5
641,3,4,3,5,3,4,4,1,4
642,5,2,1,5,3,2,5,1,5
643,4,3,3,5,5,4,1,4,5
644,1,4,4,2,1,3,1,1,3
645,2,3,5,1,4,2,3,3,5
646,3,2,1,1,4,2,3,5,3
647,2,3,3,1,1,5,2,2,3
648,1,3,1,5,2,2,4,3,3
649,3,5,1,2,5,2,2,5,4
650,5,4,1,4,3,1,1,4,4
651,2,1,2,5,2,2,1,5,3
652,4,4,1,4,5,4,3,2,4
653,2,4,4,4,2,5,5,3,4
654,2,4,5,5,1,4,3,4,6
655,1,1,4,4,1,5,1,5,4
656,5,4,3,4,2,5,1,3,4
657,5,2,5,2,1,3,5,5,5
658,4,3,4,5,3,4,2,4,6
659,3,2,5,1,2,4,2,5,5
660,2,3,3,4,3,5,3,1,3
661,1,4,4,4,1,3,5,2,4
662,2,5,1,3,5,5,4,5,6
663,1,4,5,4,1,4,5,3,4
664,3,5,3,4,2,5,4,5,5
665,4,4,5,4,3,2,5,5,6
666,4,5,4,1,4,5,1,1,5
667,5,3,2,2,3,2,4,5,4
668,3,5,5,1,5,1,4,2,5
669,5,5,2,1,3,3,2,2,4
670,3,4,1,3,4,3,4,1,3
671,1,2,3,3,4,1,2,5,3
672,3,4,1,3,5,3,5,1,5
673,2,2,3,1,1,2,1,2,2
674,4,4,1,4,1,3,4,3,5
675,3,4,4,4,5,5,5,4,5
676,1,4,5,3,1,1,5,1,4
677,5,3,3,2,1,4,3,5,4
678,3,5,3,2,1,1,1,2,3
679,4,2,2,2,5,2,3,2,4
680,2,5,3,1,2,5,4,1,4
681,4,5,3,3,2,5,3,4,4
682,2,2,5,4,4,2,1,4,3
683,4,5,2,3,2,4,2,3,4
684,1,2,3,4,5,3,5,3,5
685,1,1,1,4,3,2,2,1,3
686,2,3,3,2,4,2,1,4,3
687,4,3,2,2,2,5,5,3,5
688,5,1,1,5,5,4,2,1,4
689,3,2,4,3,1,3,5,2,5
690,5,2,2,4,5,5,4,3,6
691,5,4,4,2,2,1,1,4,4
692,3,1,3,5,1,5,5,2,4
693,2,5,2,5,1,2,3,2,3
694,4,4,3,1,1,3,5,1,4
695,5,4,3,1,3,1,3,4,4
696,3,1,5,2,3,1,2,1,3
697,4,4,2,2,2,3,5,3,4
698,3,5,2,4,4,5,2,2,4
699,3,5,2,5,3,4,3,3,5
700,1,1,1,4,5,2,2,5,3
